number,title,author
1901, "Interventions in Premise Semantics", "Paolo Santorio"
1902, "Merleau-Ponty and Naïve Realism","Keith Allen"
1903, "Are There Indefeasible Epistemic Rules?","Darren Bradley"
1904, "Groundwork for an Explanationist Account of Epistemic Coincidence","David Faraci"
1905, "Hobbes's Laws of Nature in Leviathan as a Synthetic Demonstration: Thought Experiments and Knowing the Causes","Marcus P. Adams"
1906, "Autonomy Without Paradox: Kant, Self-Legislation and the Moral Law", "Pauline Kleingeld and Marcus Willaschek"
1907, "The Artificial Virtues of Thought: Correctness and Cognition in Hume","Karl Schafer"
1908, "The Metaphysics of Surfaces in Suárez and Descartes","Tad M. Schmaltz"
1909, "Natural Conventions and Indirect Speech Acts", "Mandy Simons and Kevin J. S. Zollman"
1910, "Noncognitivism and Epistemic Evaluations","Bob Beddor"
1911, "Nietzsche on Nihilism: A Unifying Thread","Andrew Huddleston"
1912, "Logical Pluralism and Logical Normativity","Florian Steinberger"
1913, "Method Pluralism, Method Mismatch, & Method Bias","Adrian Currie and Shahar Avin"
1914, "Markets, Interpersonal Practices, and Signal Distortion","Barry Maguire and Brookes Brown"
1915, "Pragmatic Encroachment and the Challenge from Epistemic Injustice","Mikkel Gerken"
1916, "Risk and Motivation: When the Will is Required to Determine What to Do","Dylan Murray and Lara Buchak"
1917, "Fanaticism and Sacred Values","Paul Katsafanas"
1918, "How to Avoid Maximizing Expected Utility","Bradley Monton"
1919, "Basic Action and Practical Knowledge","Will Small"
1920, "The Essential Non-Indexical","Léa Salje"
1921, "William King on Free Will","Kenneth L. Pearce"
1922, "Virtue and the Problem of Conceptualization", "Sean Clancy"
1923, "Imprecise Chance and the Best System Analysis", "Luke Fenton-Glynn"
1924, "Kant on Aesthetic Autonomy and Common Sense", "Samantha Matherne"
1925, "Honesty, Humility, Courage, & Strength: Later Wittgenstein on the Difficulties of Philosophy and the Philosophical Virtues", "Gabriel Citron"
1926, "Pythagoreanism: A Number of Theories", "Aaron Segal"
1927, "Francisco Suárez on Beings of Reason and Non-Strict Ontological Pluralism", "Brian Embry"
1928, "Logic Through a Leibnizian Lens","Craig Warmke"
1929, "Learning and Value Change","J. Dmitri Gallow"
1930, "Imagination: A Lens, Not a Mirror","Nick Wiltsher"
1931, "Reid's Doxastic Theory of Perception","Jake Quilty-Dunn"
1932, "Between Anarchism and Suicide: On William James's Religious Therapy","Alexander Klein"
1933, "Ground and Explanation in Mathematics","Marc Lange"
1934, "Two Feelings in the Beautiful: Kant on the Structure of Judgments of Beauty","Janum Sethi"
1935, "An Essentialist Theory of the Meaning of Slurs","Eleonore Neufeld"
1936, "Dispelling the Disjunction Objection to Explanatory Inference","Kevin McCain and Ted Poston"
1937, "Two Conceptions of Phenomenology","Ori Beck"
1938, "Self-Conscious Emotions Without a Self","Monima Chadha and Shaun Nichols"
1939, "Epistemic Diversity and Editor Decisions: A Statistical Matthew Effect","Remco Heesen and Jan-Willem Romeijn"
1940, "Discrimination-Conduciveness and Observation Selection Effects","William Roche and Elliott Sober"
1941, "Amo on the Heterogeneity Problem","Julie Walsh"
1942, "Is Leibniz's Principle of the Identity of Indiscernibles Necessary or Contingent?","Sebastian Bender"
1943, "Spinoza on Intentionality, Materialism, and Mind-Body Relations","Karolina Hübner"
1944, "Perennial Idealism: A Mystical Solution to the Mind-Body Problem","Miri Albahari"
1945, "Normative Perfectionism and the Kantian Tradition","David O. Brink"
1946, "Solidarity, Fate-Sharing, and Community","Michael Zhao"
1947, "Kant on Misology and the Natural Dialectic","John J. Callanan"
1948, "Slurs Are Directives","Cameron Domenico Kirk-Giannini"
1949, "The Intentional Structure of Moods","Uriah Kriegel"
1950, "Friendship, Trust and Moral Self-Perfection","Mavis Biss"
1951, "From Biological Functions to Natural Goodness","Parisa Moosavi"
1952, "Mary Shepherd on Causation, Induction, and Natural Kinds","Antonia LoLordo"
1953, "Race, Ideology, and the Communicative Theory of Punishment","Steven Swartzer"
1954, "Plurdurance","Daniel Giberman"